{
  "design" : {
    "paper" : {
      "leftMargin" : 20,
      "ori" : true,
      "name" : "a4",
      "rightMargin" : 20,
      "topMargin" : 20,
      "bottomMargin" : 20
    },
    "autoFrame" : true,
    "showPageMarker" : true,
    "connectorPathStyle" : "rounded",
    "themeName" : "no"
  },
  "frame" : [
    [
      0,
      0
    ],
    [
      827,
      1169
    ]
  ],
  "version" : "100",
  "showsGrids" : true,
  "terminals" : {
    "3B3D9FF4-9C9B-4952-BE8C-93ABC14AAD81" : [
      "A16717F3-5869-4C92-8623-4FA7DEF715B1",
      "42727396-29FD-4C23-968A-D81E93AA0824"
    ],
    "1FF951BA-E8EF-4F0B-A10C-C7DEF5ED0713" : [
      "C95FB2D6-DE23-4256-956A-58DCB46C20A8",
      "E3394194-3051-4223-BD22-4C9759A731CD"
    ]
  },
  "shapes" : [
    {
      "class" : "dia-node",
      "attrs" : "{\n  \"isRelative\" : false,\n  \"connectable\" : true,\n  \"identifier\" : \"A16717F3-5869-4C92-8623-4FA7DEF715B1\",\n  \"visible\" : true,\n  \"privateStyle\" : {\n    \"textAlignment\" : 2,\n    \"font\" : \".SFNS-Black,14.0\"\n  },\n  \"size\" : \"{250, 250}\",\n  \"isLocked\" : false,\n  \"angle\" : 0,\n  \"position\" : \"{100, 100}\",\n  \"shape\" : \"software-class\",\n  \"value\" : {\n    \"privateMembers\" : \"- GameService()\\n+ getInstance(): GameService\\n+ addGame(name: String): Game\\n+ getGame(index: int): Game\\n+ getGameCount(): int\",\n    \"title\" : \"GameService\",\n    \"publicMembers\" : \"- games: List<Game>\\n- nextGameId: long\\n- GameService: GameService\"\n  },\n  \"tag\" : 0,\n  \"isTemplate\" : false,\n  \"lockAspectRatio\" : false,\n  \"themeStyle\" : \"variant_2\"\n}"
    },
    {
      "class" : "dia-node",
      "attrs" : "{\n  \"isRelative\" : false,\n  \"connectable\" : true,\n  \"identifier\" : \"42727396-29FD-4C23-968A-D81E93AA0824\",\n  \"visible\" : true,\n  \"privateStyle\" : {\n    \"textAlignment\" : 2,\n    \"font\" : \".SFNS-Black,14.0\"\n  },\n  \"size\" : \"{250, 250}\",\n  \"isLocked\" : false,\n  \"angle\" : 0,\n  \"position\" : \"{450, 100}\",\n  \"shape\" : \"software-class\",\n  \"value\" : {\n    \"privateMembers\" : \"+ getId(): long\\n+ getName(): String\\n+ toString(): String\",\n    \"title\" : \"Game\",\n    \"publicMembers\" : \"- Id: long\\n- name: String\"\n  },\n  \"tag\" : 0,\n  \"isTemplate\" : false,\n  \"lockAspectRatio\" : false,\n  \"themeStyle\" : \"variant_2\"\n}"
    },
    {
      "attrs" : "{\n  \"isRelative\" : false,\n  \"connectable\" : true,\n  \"identifier\" : \"C95FB2D6-DE23-4256-956A-58DCB46C20A8\",\n  \"visible\" : true,\n  \"privateStyle\" : {\n    \"textAlignment\" : 2,\n    \"font\" : \".SFNS-Black,14.0\"\n  },\n  \"size\" : \"{250, 150}\",\n  \"isLocked\" : false,\n  \"angle\" : 0,\n  \"position\" : \"{100, 400}\",\n  \"shape\" : \"software-class\",\n  \"value\" : {\n    \"privateMembers\" : \"+ main()\",\n    \"title\" : \"ProgramDriver\",\n    \"publicMembers\" : \"\"\n  },\n  \"tag\" : 0,\n  \"isTemplate\" : false,\n  \"lockAspectRatio\" : false,\n  \"themeStyle\" : \"variant_2\"\n}",
      "class" : "dia-node"
    },
    {
      "class" : "dia-node",
      "attrs" : "{\n  \"isRelative\" : false,\n  \"connectable\" : true,\n  \"identifier\" : \"E3394194-3051-4223-BD22-4C9759A731CD\",\n  \"visible\" : true,\n  \"privateStyle\" : {\n    \"textAlignment\" : 2,\n    \"font\" : \".SFNS-Black,14.0\"\n  },\n  \"size\" : \"{250, 150}\",\n  \"isLocked\" : false,\n  \"angle\" : 0,\n  \"position\" : \"{450, 400}\",\n  \"shape\" : \"software-class\",\n  \"value\" : {\n    \"privateMembers\" : \"+ testSingleton()\",\n    \"title\" : \"SingletonTester\",\n    \"publicMembers\" : \"\"\n  },\n  \"tag\" : 0,\n  \"isTemplate\" : false,\n  \"lockAspectRatio\" : false,\n  \"themeStyle\" : \"variant_2\"\n}"
    },
    {
      "class" : "connector",
      "attrs" : "{\n  \"exitPoint\" : {\n    \"location\" : \"{0, 0}\",\n    \"offset\" : \"{0, 0}\",\n    \"direction\" : 0\n  },\n  \"isRelative\" : false,\n  \"identifier\" : \"3B3D9FF4-9C9B-4952-BE8C-93ABC14AAD81\",\n  \"visible\" : true,\n  \"privateStyle\" : {\n    \"crossStyle\" : \"round\",\n    \"pathStyle\" : \"square\",\n    \"connectorMode\" : 1,\n    \"shadowMode\" : 0\n  },\n  \"isLocked\" : false,\n  \"sourcePoint\" : \"{225, 225}\",\n  \"shape\" : \"connector\",\n  \"entryPoint\" : {\n    \"location\" : \"{0, 0}\",\n    \"direction\" : 0,\n    \"offset\" : \"{0, 0}\"\n  },\n  \"tag\" : 0,\n  \"points\" : [\n\n  ],\n  \"targetPoint\" : \"{575, 225}\",\n  \"isTemplate\" : false,\n  \"themeStyle\" : \"edge_11\"\n}"
    },
    {
      "class" : "dia-node",
      "attrs" : "{\n  \"isRelative\" : false,\n  \"connectable\" : true,\n  \"identifier\" : \"5296466B-B768-4E23-AE44-E001190761C7\",\n  \"visible\" : true,\n  \"privateStyle\" : {\n    \"textVerticalAlignment\" : 0,\n    \"textAlignment\" : 2,\n    \"font\" : \"Helvetica,14.0\"\n  },\n  \"size\" : \"{63.765625, 41.40234375}\",\n  \"isLocked\" : false,\n  \"angle\" : 0,\n  \"position\" : \"{368.1171875, 190}\",\n  \"shape\" : \"text\",\n  \"value\" : \"0…*\",\n  \"tag\" : 0,\n  \"isTemplate\" : false,\n  \"lockAspectRatio\" : false,\n  \"themeStyle\" : \"style_11\"\n}"
    },
    {
      "class" : "connector",
      "attrs" : "{\n  \"exitPoint\" : {\n    \"location\" : \"{0, 0}\",\n    \"offset\" : \"{0, 0}\",\n    \"direction\" : 0\n  },\n  \"isRelative\" : false,\n  \"identifier\" : \"1FF951BA-E8EF-4F0B-A10C-C7DEF5ED0713\",\n  \"visible\" : true,\n  \"privateStyle\" : {\n    \"crossStyle\" : \"round\"\n  },\n  \"isLocked\" : false,\n  \"sourcePoint\" : \"{225, 475}\",\n  \"shape\" : \"connector\",\n  \"entryPoint\" : {\n    \"location\" : \"{0, 0}\",\n    \"direction\" : 0,\n    \"offset\" : \"{0, 0}\"\n  },\n  \"tag\" : 0,\n  \"points\" : [\n\n  ],\n  \"targetPoint\" : \"{575, 475}\",\n  \"isTemplate\" : false,\n  \"themeStyle\" : \"edge_11\"\n}"
    },
    {
      "class" : "dia-node",
      "attrs" : "{\n  \"isRelative\" : false,\n  \"connectable\" : true,\n  \"identifier\" : \"9BCF65FF-E7D6-4ECE-B4F0-6330361AD393\",\n  \"visible\" : true,\n  \"privateStyle\" : {\n    \"font\" : \"Helvetica,12.0\",\n    \"textColor\" : \"#000000FF\",\n    \"textVerticalAlignment\" : 0,\n    \"textBackgroundColor\" : \"#FFFFFFFF\",\n    \"textAlignment\" : 0\n  },\n  \"size\" : \"{599.7265625, 150.578125}\",\n  \"isLocked\" : false,\n  \"angle\" : 0,\n  \"position\" : \"{100.4921875, 599.796875}\",\n  \"shape\" : \"text\",\n  \"value\" : \"In the attribute section I added an object called GameService and the type is GameService and in the method section I added also added GameService and getInstance() method from the GameService. I added GameService in the method section because we are creating an object GameService. What confuses me a little bit is that the constructor was not created first. In the book the constructor is created first. It seems like we are creating an object here first without the object “knowing” how it supposed to look like. I also added a relation zero to many, GameService can exist without any Game object created but there can be unlimited number of Game objects created. \",\n  \"tag\" : 0,\n  \"isTemplate\" : false,\n  \"lockAspectRatio\" : false,\n  \"themeStyle\" : \"style_11\"\n}"
    }
  ]
}